{"mode": "train", "epoch": 1, "iter": 50, "lr": 0.00797, "time": 0.59679, "data_time": 0.0968, "memory": 5693, "loss_rpn_cls": 0.11835, "loss_rpn_bbox": 0.01221, "loss_cls": 0.49759, "acc": 94.61719, "loss_bbox": 0.08404, "loss": 0.71218}
{"mode": "train", "epoch": 1, "iter": 100, "lr": 0.00931, "time": 0.57119, "data_time": 0.0656, "memory": 5693, "loss_rpn_cls": 0.05051, "loss_rpn_bbox": 0.00928, "loss_cls": 0.196, "acc": 96.15625, "loss_bbox": 0.09498, "loss": 0.35077}
{"mode": "train", "epoch": 1, "iter": 150, "lr": 0.01064, "time": 0.59005, "data_time": 0.00892, "memory": 5693, "loss_rpn_cls": 0.03875, "loss_rpn_bbox": 0.00888, "loss_cls": 0.20359, "acc": 95.40625, "loss_bbox": 0.10541, "loss": 0.35663}
{"mode": "train", "epoch": 1, "iter": 200, "lr": 0.01197, "time": 0.59531, "data_time": 0.08774, "memory": 5693, "loss_rpn_cls": 0.03968, "loss_rpn_bbox": 0.01054, "loss_cls": 0.21803, "acc": 95.37305, "loss_bbox": 0.12022, "loss": 0.38847}
{"mode": "train", "epoch": 1, "iter": 250, "lr": 0.01331, "time": 0.61337, "data_time": 0.07735, "memory": 5693, "loss_rpn_cls": 0.03748, "loss_rpn_bbox": 0.00867, "loss_cls": 0.21153, "acc": 95.86914, "loss_bbox": 0.10046, "loss": 0.35815}
{"mode": "train", "epoch": 1, "iter": 300, "lr": 0.01464, "time": 0.79358, "data_time": 0.24043, "memory": 5693, "loss_rpn_cls": 0.0348, "loss_rpn_bbox": 0.00874, "loss_cls": 0.24501, "acc": 95.40234, "loss_bbox": 0.12003, "loss": 0.40859}
{"mode": "train", "epoch": 1, "iter": 350, "lr": 0.01597, "time": 0.54154, "data_time": 0.03431, "memory": 5693, "loss_rpn_cls": 0.02722, "loss_rpn_bbox": 0.00876, "loss_cls": 0.1903, "acc": 95.93555, "loss_bbox": 0.10312, "loss": 0.3294}
{"mode": "train", "epoch": 1, "iter": 400, "lr": 0.01731, "time": 0.60817, "data_time": 0.04485, "memory": 5693, "loss_rpn_cls": 0.02287, "loss_rpn_bbox": 0.00667, "loss_cls": 0.16813, "acc": 96.03516, "loss_bbox": 0.1006, "loss": 0.29827}
{"mode": "train", "epoch": 1, "iter": 450, "lr": 0.01864, "time": 0.52028, "data_time": 0.01367, "memory": 5696, "loss_rpn_cls": 0.03169, "loss_rpn_bbox": 0.00844, "loss_cls": 0.20744, "acc": 95.05664, "loss_bbox": 0.11935, "loss": 0.36693}
{"mode": "train", "epoch": 1, "iter": 500, "lr": 0.01997, "time": 0.51426, "data_time": 0.00634, "memory": 5696, "loss_rpn_cls": 0.0309, "loss_rpn_bbox": 0.00783, "loss_cls": 0.17481, "acc": 96.0, "loss_bbox": 0.10127, "loss": 0.31481}
{"mode": "train", "epoch": 1, "iter": 550, "lr": 0.02, "time": 0.63824, "data_time": 0.08104, "memory": 5696, "loss_rpn_cls": 0.03039, "loss_rpn_bbox": 0.00915, "loss_cls": 0.22103, "acc": 95.04492, "loss_bbox": 0.11644, "loss": 0.377}
{"mode": "train", "epoch": 2, "iter": 50, "lr": 0.02, "time": 0.71032, "data_time": 0.08964, "memory": 5696, "loss_rpn_cls": 0.03301, "loss_rpn_bbox": 0.01058, "loss_cls": 0.17785, "acc": 95.66406, "loss_bbox": 0.10286, "loss": 0.3243}
{"mode": "train", "epoch": 2, "iter": 100, "lr": 0.02, "time": 0.51818, "data_time": 0.00659, "memory": 5696, "loss_rpn_cls": 0.0208, "loss_rpn_bbox": 0.00904, "loss_cls": 0.19729, "acc": 95.32617, "loss_bbox": 0.11022, "loss": 0.33734}
{"mode": "train", "epoch": 2, "iter": 150, "lr": 0.02, "time": 0.51592, "data_time": 0.00659, "memory": 5696, "loss_rpn_cls": 0.03901, "loss_rpn_bbox": 0.01021, "loss_cls": 0.23754, "acc": 94.82812, "loss_bbox": 0.11851, "loss": 0.40527}
{"mode": "train", "epoch": 2, "iter": 200, "lr": 0.02, "time": 0.73885, "data_time": 0.14225, "memory": 5696, "loss_rpn_cls": 0.02451, "loss_rpn_bbox": 0.00861, "loss_cls": 0.19385, "acc": 95.19727, "loss_bbox": 0.10589, "loss": 0.33286}
{"mode": "train", "epoch": 2, "iter": 250, "lr": 0.02, "time": 0.67018, "data_time": 0.05752, "memory": 5696, "loss_rpn_cls": 0.02127, "loss_rpn_bbox": 0.00676, "loss_cls": 0.21145, "acc": 95.10742, "loss_bbox": 0.11188, "loss": 0.35136}
{"mode": "train", "epoch": 2, "iter": 300, "lr": 0.02, "time": 1.77583, "data_time": 1.21891, "memory": 5696, "loss_rpn_cls": 0.02736, "loss_rpn_bbox": 0.00849, "loss_cls": 0.22782, "acc": 95.00586, "loss_bbox": 0.11242, "loss": 0.37608}
{"mode": "train", "epoch": 2, "iter": 350, "lr": 0.02, "time": 0.58246, "data_time": 0.01317, "memory": 5696, "loss_rpn_cls": 0.02791, "loss_rpn_bbox": 0.00913, "loss_cls": 0.15841, "acc": 95.70312, "loss_bbox": 0.09111, "loss": 0.28656}
{"mode": "train", "epoch": 2, "iter": 400, "lr": 0.02, "time": 1.81113, "data_time": 1.26989, "memory": 5696, "loss_rpn_cls": 0.02869, "loss_rpn_bbox": 0.00838, "loss_cls": 0.22194, "acc": 94.375, "loss_bbox": 0.11855, "loss": 0.37758}
{"mode": "train", "epoch": 2, "iter": 450, "lr": 0.02, "time": 0.55255, "data_time": 0.00809, "memory": 5696, "loss_rpn_cls": 0.02299, "loss_rpn_bbox": 0.00882, "loss_cls": 0.19402, "acc": 95.03125, "loss_bbox": 0.10782, "loss": 0.33365}
{"mode": "train", "epoch": 2, "iter": 500, "lr": 0.02, "time": 0.52904, "data_time": 0.02711, "memory": 5696, "loss_rpn_cls": 0.02585, "loss_rpn_bbox": 0.00886, "loss_cls": 0.15981, "acc": 95.43945, "loss_bbox": 0.08673, "loss": 0.28125}
{"mode": "train", "epoch": 2, "iter": 550, "lr": 0.02, "time": 0.50466, "data_time": 0.0066, "memory": 5696, "loss_rpn_cls": 0.01482, "loss_rpn_bbox": 0.00775, "loss_cls": 0.16066, "acc": 95.36328, "loss_bbox": 0.09243, "loss": 0.27565}
{"mode": "train", "epoch": 3, "iter": 115, "lr": 0.02, "time": 0.4643, "data_time": 0.18293, "memory": 5696, "loss_rpn_cls": 0.015, "loss_rpn_bbox": 0.00872, "loss_cls": 0.16652, "acc": 95.33798, "loss_bbox": 0.08805, "loss": 0.2783}
{"mode": "train", "epoch": 3, "iter": 50, "lr": 0.02, "time": 0.65571, "data_time": 0.042, "memory": 5696, "loss_rpn_cls": 0.01512, "loss_rpn_bbox": 0.00929, "loss_cls": 0.19279, "acc": 94.68555, "loss_bbox": 0.10084, "loss": 0.31803}
{"mode": "train", "epoch": 3, "iter": 100, "lr": 0.02, "time": 0.62714, "data_time": 0.00941, "memory": 5696, "loss_rpn_cls": 0.01642, "loss_rpn_bbox": 0.00869, "loss_cls": 0.18565, "acc": 94.45898, "loss_bbox": 0.10781, "loss": 0.31857}
{"mode": "train", "epoch": 3, "iter": 150, "lr": 0.02, "time": 0.53399, "data_time": 0.00724, "memory": 5696, "loss_rpn_cls": 0.0136, "loss_rpn_bbox": 0.00865, "loss_cls": 0.16028, "acc": 94.70508, "loss_bbox": 0.0894, "loss": 0.27193}
{"mode": "train", "epoch": 3, "iter": 200, "lr": 0.02, "time": 0.51833, "data_time": 0.01012, "memory": 5696, "loss_rpn_cls": 0.01231, "loss_rpn_bbox": 0.00654, "loss_cls": 0.15808, "acc": 95.64258, "loss_bbox": 0.07831, "loss": 0.25524}
{"mode": "train", "epoch": 3, "iter": 250, "lr": 0.02, "time": 0.51886, "data_time": 0.01523, "memory": 5696, "loss_rpn_cls": 0.01818, "loss_rpn_bbox": 0.00802, "loss_cls": 0.16348, "acc": 95.30078, "loss_bbox": 0.08176, "loss": 0.27143}
{"mode": "train", "epoch": 3, "iter": 300, "lr": 0.02, "time": 0.52, "data_time": 0.01675, "memory": 5696, "loss_rpn_cls": 0.01862, "loss_rpn_bbox": 0.01024, "loss_cls": 0.19063, "acc": 94.18359, "loss_bbox": 0.10709, "loss": 0.32658}
{"mode": "train", "epoch": 3, "iter": 350, "lr": 0.02, "time": 0.51337, "data_time": 0.01368, "memory": 5696, "loss_rpn_cls": 0.01528, "loss_rpn_bbox": 0.00834, "loss_cls": 0.17178, "acc": 94.70508, "loss_bbox": 0.09347, "loss": 0.28888}
{"mode": "train", "epoch": 3, "iter": 400, "lr": 0.02, "time": 0.52096, "data_time": 0.01297, "memory": 5696, "loss_rpn_cls": 0.01524, "loss_rpn_bbox": 0.00654, "loss_cls": 0.13255, "acc": 95.80273, "loss_bbox": 0.07087, "loss": 0.22519}
{"mode": "train", "epoch": 3, "iter": 450, "lr": 0.02, "time": 0.52238, "data_time": 0.01699, "memory": 5696, "loss_rpn_cls": 0.01728, "loss_rpn_bbox": 0.00808, "loss_cls": 0.1352, "acc": 96.00391, "loss_bbox": 0.07413, "loss": 0.23469}
{"mode": "train", "epoch": 3, "iter": 500, "lr": 0.02, "time": 0.54049, "data_time": 0.03636, "memory": 5696, "loss_rpn_cls": 0.02972, "loss_rpn_bbox": 0.0097, "loss_cls": 0.17275, "acc": 95.46094, "loss_bbox": 0.08518, "loss": 0.29735}
{"mode": "train", "epoch": 3, "iter": 550, "lr": 0.02, "time": 0.81261, "data_time": 0.31663, "memory": 5696, "loss_rpn_cls": 0.0269, "loss_rpn_bbox": 0.00791, "loss_cls": 0.15391, "acc": 95.45117, "loss_bbox": 0.08503, "loss": 0.27375}
{"mode": "train", "epoch": 4, "iter": 50, "lr": 0.02, "time": 0.60127, "data_time": 0.09988, "memory": 5696, "loss_rpn_cls": 0.01311, "loss_rpn_bbox": 0.00816, "loss_cls": 0.14259, "acc": 95.31836, "loss_bbox": 0.07658, "loss": 0.24045}
{"mode": "train", "epoch": 4, "iter": 100, "lr": 0.02, "time": 0.71163, "data_time": 0.17248, "memory": 5696, "loss_rpn_cls": 0.01104, "loss_rpn_bbox": 0.00651, "loss_cls": 0.15079, "acc": 95.00586, "loss_bbox": 0.07959, "loss": 0.24793}
{"mode": "train", "epoch": 4, "iter": 150, "lr": 0.02, "time": 0.57527, "data_time": 0.03136, "memory": 5696, "loss_rpn_cls": 0.01315, "loss_rpn_bbox": 0.00905, "loss_cls": 0.15083, "acc": 95.10742, "loss_bbox": 0.07495, "loss": 0.24799}
{"mode": "train", "epoch": 4, "iter": 200, "lr": 0.02, "time": 0.56739, "data_time": 0.03235, "memory": 5696, "loss_rpn_cls": 0.01052, "loss_rpn_bbox": 0.00567, "loss_cls": 0.11691, "acc": 95.96094, "loss_bbox": 0.05841, "loss": 0.19151}
{"mode": "train", "epoch": 4, "iter": 250, "lr": 0.02, "time": 0.6406, "data_time": 0.11829, "memory": 5696, "loss_rpn_cls": 0.03531, "loss_rpn_bbox": 0.01054, "loss_cls": 0.25537, "acc": 94.49609, "loss_bbox": 0.107, "loss": 0.40822}
{"mode": "train", "epoch": 4, "iter": 300, "lr": 0.02, "time": 0.51271, "data_time": 0.00934, "memory": 5696, "loss_rpn_cls": 0.03043, "loss_rpn_bbox": 0.00864, "loss_cls": 0.20869, "acc": 95.01367, "loss_bbox": 0.10187, "loss": 0.34963}
{"mode": "train", "epoch": 4, "iter": 350, "lr": 0.02, "time": 0.5269, "data_time": 0.01887, "memory": 5696, "loss_rpn_cls": 0.01354, "loss_rpn_bbox": 0.00632, "loss_cls": 0.13872, "acc": 95.76758, "loss_bbox": 0.0718, "loss": 0.23038}
{"mode": "train", "epoch": 4, "iter": 400, "lr": 0.02, "time": 0.51912, "data_time": 0.01523, "memory": 5696, "loss_rpn_cls": 0.0145, "loss_rpn_bbox": 0.00734, "loss_cls": 0.14204, "acc": 95.16992, "loss_bbox": 0.07278, "loss": 0.23666}
{"mode": "train", "epoch": 4, "iter": 450, "lr": 0.02, "time": 1.12456, "data_time": 0.6056, "memory": 5696, "loss_rpn_cls": 0.01776, "loss_rpn_bbox": 0.00924, "loss_cls": 0.13795, "acc": 95.61914, "loss_bbox": 0.07037, "loss": 0.23531}
{"mode": "train", "epoch": 4, "iter": 500, "lr": 0.02, "time": 0.51186, "data_time": 0.01212, "memory": 5696, "loss_rpn_cls": 0.01487, "loss_rpn_bbox": 0.00719, "loss_cls": 0.13872, "acc": 95.75977, "loss_bbox": 0.07414, "loss": 0.23492}
{"mode": "train", "epoch": 4, "iter": 550, "lr": 0.02, "time": 0.50763, "data_time": 0.00727, "memory": 5696, "loss_rpn_cls": 0.011, "loss_rpn_bbox": 0.00708, "loss_cls": 0.12878, "acc": 95.68555, "loss_bbox": 0.06927, "loss": 0.21613}
{"mode": "train", "epoch": 5, "iter": 115, "lr": 0.02, "time": 0.43991, "data_time": 0.21911, "memory": 5696, "loss_rpn_cls": 0.01058, "loss_rpn_bbox": 0.00791, "loss_cls": 0.15151, "acc": 94.80554, "loss_bbox": 0.07569, "loss": 0.24569}
{"mode": "train", "epoch": 5, "iter": 50, "lr": 0.02, "time": 0.52744, "data_time": 0.02597, "memory": 5696, "loss_rpn_cls": 0.01129, "loss_rpn_bbox": 0.00606, "loss_cls": 0.13429, "acc": 95.52344, "loss_bbox": 0.065, "loss": 0.21663}
{"mode": "train", "epoch": 5, "iter": 100, "lr": 0.02, "time": 0.50221, "data_time": 0.00637, "memory": 5696, "loss_rpn_cls": 0.01236, "loss_rpn_bbox": 0.0061, "loss_cls": 0.13439, "acc": 95.18945, "loss_bbox": 0.06321, "loss": 0.21608}
{"mode": "train", "epoch": 5, "iter": 150, "lr": 0.02, "time": 0.50715, "data_time": 0.00642, "memory": 5696, "loss_rpn_cls": 0.01211, "loss_rpn_bbox": 0.00776, "loss_cls": 0.14989, "acc": 94.78711, "loss_bbox": 0.07005, "loss": 0.2398}
{"mode": "train", "epoch": 5, "iter": 200, "lr": 0.02, "time": 0.50427, "data_time": 0.00638, "memory": 5696, "loss_rpn_cls": 0.00914, "loss_rpn_bbox": 0.00716, "loss_cls": 0.13213, "acc": 95.38672, "loss_bbox": 0.06545, "loss": 0.21388}
{"mode": "train", "epoch": 5, "iter": 250, "lr": 0.02, "time": 0.53265, "data_time": 0.01709, "memory": 5696, "loss_rpn_cls": 0.01041, "loss_rpn_bbox": 0.00724, "loss_cls": 0.13253, "acc": 95.34375, "loss_bbox": 0.06543, "loss": 0.21561}
{"mode": "train", "epoch": 5, "iter": 300, "lr": 0.02, "time": 0.50917, "data_time": 0.00716, "memory": 5696, "loss_rpn_cls": 0.01345, "loss_rpn_bbox": 0.00737, "loss_cls": 0.13211, "acc": 95.46484, "loss_bbox": 0.06506, "loss": 0.21799}
{"mode": "train", "epoch": 5, "iter": 350, "lr": 0.02, "time": 0.52442, "data_time": 0.01546, "memory": 5696, "loss_rpn_cls": 0.01018, "loss_rpn_bbox": 0.00816, "loss_cls": 0.12542, "acc": 95.55273, "loss_bbox": 0.05815, "loss": 0.20191}
{"mode": "train", "epoch": 5, "iter": 400, "lr": 0.02, "time": 0.54248, "data_time": 0.04472, "memory": 5696, "loss_rpn_cls": 0.01182, "loss_rpn_bbox": 0.00879, "loss_cls": 0.13112, "acc": 95.25977, "loss_bbox": 0.05756, "loss": 0.20928}
{"mode": "train", "epoch": 5, "iter": 450, "lr": 0.02, "time": 0.54863, "data_time": 0.03904, "memory": 5696, "loss_rpn_cls": 0.01463, "loss_rpn_bbox": 0.00769, "loss_cls": 0.15927, "acc": 94.65625, "loss_bbox": 0.07346, "loss": 0.25505}
{"mode": "train", "epoch": 5, "iter": 500, "lr": 0.02, "time": 0.61727, "data_time": 0.03714, "memory": 5696, "loss_rpn_cls": 0.01238, "loss_rpn_bbox": 0.00644, "loss_cls": 0.14063, "acc": 95.21875, "loss_bbox": 0.06167, "loss": 0.22113}
{"mode": "train", "epoch": 5, "iter": 550, "lr": 0.02, "time": 0.55806, "data_time": 0.00825, "memory": 5696, "loss_rpn_cls": 0.01484, "loss_rpn_bbox": 0.00729, "loss_cls": 0.13206, "acc": 95.5957, "loss_bbox": 0.06198, "loss": 0.21617}
{"mode": "train", "epoch": 6, "iter": 50, "lr": 0.02, "time": 0.54323, "data_time": 0.04421, "memory": 5696, "loss_rpn_cls": 0.00791, "loss_rpn_bbox": 0.00557, "loss_cls": 0.12604, "acc": 95.40039, "loss_bbox": 0.06172, "loss": 0.20124}
{"mode": "train", "epoch": 6, "iter": 100, "lr": 0.02, "time": 0.69622, "data_time": 0.19796, "memory": 5696, "loss_rpn_cls": 0.00921, "loss_rpn_bbox": 0.00666, "loss_cls": 0.13228, "acc": 95.25, "loss_bbox": 0.0594, "loss": 0.20755}
{"mode": "train", "epoch": 6, "iter": 150, "lr": 0.02, "time": 0.60573, "data_time": 0.04169, "memory": 5696, "loss_rpn_cls": 0.01445, "loss_rpn_bbox": 0.0085, "loss_cls": 0.15071, "acc": 94.96484, "loss_bbox": 0.06803, "loss": 0.2417}
{"mode": "train", "epoch": 6, "iter": 200, "lr": 0.02, "time": 0.52496, "data_time": 0.0168, "memory": 5696, "loss_rpn_cls": 0.00737, "loss_rpn_bbox": 0.00577, "loss_cls": 0.12484, "acc": 95.45898, "loss_bbox": 0.06018, "loss": 0.19816}
{"mode": "train", "epoch": 6, "iter": 250, "lr": 0.02, "time": 0.55447, "data_time": 0.04938, "memory": 5696, "loss_rpn_cls": 0.01032, "loss_rpn_bbox": 0.00713, "loss_cls": 0.12543, "acc": 95.29492, "loss_bbox": 0.0574, "loss": 0.20028}
{"mode": "train", "epoch": 6, "iter": 300, "lr": 0.02, "time": 0.52515, "data_time": 0.02216, "memory": 5696, "loss_rpn_cls": 0.01372, "loss_rpn_bbox": 0.00662, "loss_cls": 0.12372, "acc": 95.66602, "loss_bbox": 0.06285, "loss": 0.20691}
{"mode": "train", "epoch": 6, "iter": 350, "lr": 0.02, "time": 0.52318, "data_time": 0.02102, "memory": 5696, "loss_rpn_cls": 0.00815, "loss_rpn_bbox": 0.00604, "loss_cls": 0.14505, "acc": 94.71289, "loss_bbox": 0.06095, "loss": 0.22018}
{"mode": "train", "epoch": 6, "iter": 400, "lr": 0.02, "time": 0.51061, "data_time": 0.00707, "memory": 5696, "loss_rpn_cls": 0.00853, "loss_rpn_bbox": 0.00593, "loss_cls": 0.11872, "acc": 95.63086, "loss_bbox": 0.05667, "loss": 0.18986}
{"mode": "train", "epoch": 6, "iter": 450, "lr": 0.02, "time": 0.50287, "data_time": 0.00686, "memory": 5696, "loss_rpn_cls": 0.00889, "loss_rpn_bbox": 0.00609, "loss_cls": 0.13925, "acc": 95.15234, "loss_bbox": 0.06055, "loss": 0.21478}
{"mode": "train", "epoch": 6, "iter": 500, "lr": 0.02, "time": 0.50468, "data_time": 0.00674, "memory": 5696, "loss_rpn_cls": 0.00943, "loss_rpn_bbox": 0.00637, "loss_cls": 0.133, "acc": 95.20898, "loss_bbox": 0.05548, "loss": 0.20428}
{"mode": "train", "epoch": 6, "iter": 550, "lr": 0.02, "time": 0.5879, "data_time": 0.08472, "memory": 5696, "loss_rpn_cls": 0.01385, "loss_rpn_bbox": 0.00727, "loss_cls": 0.11971, "acc": 95.67578, "loss_bbox": 0.05216, "loss": 0.19299}
{"mode": "train", "epoch": 7, "iter": 115, "lr": 0.02, "time": 0.51148, "data_time": 0.27775, "memory": 5696, "loss_rpn_cls": 0.00773, "loss_rpn_bbox": 0.00594, "loss_cls": 0.12132, "acc": 95.58169, "loss_bbox": 0.05579, "loss": 0.19078}
{"mode": "train", "epoch": 7, "iter": 50, "lr": 0.02, "time": 0.60383, "data_time": 0.03955, "memory": 5696, "loss_rpn_cls": 0.0114, "loss_rpn_bbox": 0.00631, "loss_cls": 0.1394, "acc": 95.04297, "loss_bbox": 0.05741, "loss": 0.21452}
{"mode": "train", "epoch": 7, "iter": 100, "lr": 0.02, "time": 0.50432, "data_time": 0.00607, "memory": 5696, "loss_rpn_cls": 0.01491, "loss_rpn_bbox": 0.00806, "loss_cls": 0.15647, "acc": 94.87305, "loss_bbox": 0.06381, "loss": 0.24324}
{"mode": "train", "epoch": 7, "iter": 150, "lr": 0.02, "time": 0.71423, "data_time": 0.14432, "memory": 5696, "loss_rpn_cls": 0.03039, "loss_rpn_bbox": 0.01024, "loss_cls": 0.15473, "acc": 94.99414, "loss_bbox": 0.07707, "loss": 0.27241}
{"mode": "train", "epoch": 7, "iter": 200, "lr": 0.02, "time": 0.72053, "data_time": 0.10828, "memory": 5696, "loss_rpn_cls": 0.01012, "loss_rpn_bbox": 0.00624, "loss_cls": 0.1124, "acc": 96.11914, "loss_bbox": 0.05746, "loss": 0.18621}
{"mode": "train", "epoch": 7, "iter": 250, "lr": 0.02, "time": 0.6184, "data_time": 0.00939, "memory": 5696, "loss_rpn_cls": 0.00973, "loss_rpn_bbox": 0.00509, "loss_cls": 0.11366, "acc": 96.02734, "loss_bbox": 0.04682, "loss": 0.17529}
{"mode": "train", "epoch": 7, "iter": 300, "lr": 0.02, "time": 0.61433, "data_time": 0.01004, "memory": 5696, "loss_rpn_cls": 0.01186, "loss_rpn_bbox": 0.00697, "loss_cls": 0.1158, "acc": 95.9668, "loss_bbox": 0.05012, "loss": 0.18476}
{"mode": "train", "epoch": 7, "iter": 350, "lr": 0.02, "time": 0.62333, "data_time": 0.00981, "memory": 5696, "loss_rpn_cls": 0.00889, "loss_rpn_bbox": 0.00581, "loss_cls": 0.11227, "acc": 95.95898, "loss_bbox": 0.04713, "loss": 0.1741}
{"mode": "train", "epoch": 7, "iter": 400, "lr": 0.02, "time": 0.63422, "data_time": 0.02249, "memory": 5696, "loss_rpn_cls": 0.00838, "loss_rpn_bbox": 0.0056, "loss_cls": 0.10986, "acc": 95.9375, "loss_bbox": 0.04764, "loss": 0.17148}
{"mode": "train", "epoch": 7, "iter": 450, "lr": 0.02, "time": 0.62604, "data_time": 0.00966, "memory": 5696, "loss_rpn_cls": 0.00623, "loss_rpn_bbox": 0.0058, "loss_cls": 0.1114, "acc": 95.74609, "loss_bbox": 0.05365, "loss": 0.17709}
{"mode": "train", "epoch": 7, "iter": 500, "lr": 0.02, "time": 0.66864, "data_time": 0.05844, "memory": 5696, "loss_rpn_cls": 0.00848, "loss_rpn_bbox": 0.00699, "loss_cls": 0.13194, "acc": 95.1543, "loss_bbox": 0.05894, "loss": 0.20636}
{"mode": "train", "epoch": 7, "iter": 550, "lr": 0.02, "time": 0.61844, "data_time": 0.00958, "memory": 5696, "loss_rpn_cls": 0.00906, "loss_rpn_bbox": 0.00752, "loss_cls": 0.14079, "acc": 95.05859, "loss_bbox": 0.06675, "loss": 0.22413}
{"mode": "train", "epoch": 8, "iter": 50, "lr": 0.02, "time": 0.53554, "data_time": 0.02993, "memory": 5696, "loss_rpn_cls": 0.01006, "loss_rpn_bbox": 0.00743, "loss_cls": 0.12461, "acc": 95.3457, "loss_bbox": 0.05612, "loss": 0.19822}
{"mode": "train", "epoch": 8, "iter": 100, "lr": 0.02, "time": 0.50579, "data_time": 0.00687, "memory": 5696, "loss_rpn_cls": 0.00728, "loss_rpn_bbox": 0.00698, "loss_cls": 0.11898, "acc": 95.42578, "loss_bbox": 0.05315, "loss": 0.18638}
{"mode": "train", "epoch": 8, "iter": 150, "lr": 0.02, "time": 0.50781, "data_time": 0.00655, "memory": 5696, "loss_rpn_cls": 0.00811, "loss_rpn_bbox": 0.0063, "loss_cls": 0.11761, "acc": 95.57422, "loss_bbox": 0.05272, "loss": 0.18474}
{"mode": "train", "epoch": 8, "iter": 200, "lr": 0.02, "time": 0.50765, "data_time": 0.00667, "memory": 5696, "loss_rpn_cls": 0.00802, "loss_rpn_bbox": 0.00556, "loss_cls": 0.12714, "acc": 95.42773, "loss_bbox": 0.05261, "loss": 0.19334}
{"mode": "train", "epoch": 8, "iter": 250, "lr": 0.02, "time": 0.52218, "data_time": 0.01573, "memory": 5696, "loss_rpn_cls": 0.00745, "loss_rpn_bbox": 0.00507, "loss_cls": 0.10948, "acc": 96.04492, "loss_bbox": 0.04383, "loss": 0.16583}
{"mode": "train", "epoch": 8, "iter": 300, "lr": 0.02, "time": 0.544, "data_time": 0.03903, "memory": 5696, "loss_rpn_cls": 0.0073, "loss_rpn_bbox": 0.00615, "loss_cls": 0.11153, "acc": 95.77148, "loss_bbox": 0.04881, "loss": 0.17379}
{"mode": "train", "epoch": 8, "iter": 350, "lr": 0.02, "time": 1.09267, "data_time": 0.59414, "memory": 5696, "loss_rpn_cls": 0.00766, "loss_rpn_bbox": 0.00582, "loss_cls": 0.11566, "acc": 95.80273, "loss_bbox": 0.05777, "loss": 0.18691}
{"mode": "train", "epoch": 8, "iter": 400, "lr": 0.02, "time": 0.50323, "data_time": 0.00671, "memory": 5696, "loss_rpn_cls": 0.01412, "loss_rpn_bbox": 0.00728, "loss_cls": 0.11361, "acc": 96.06641, "loss_bbox": 0.05286, "loss": 0.18787}
{"mode": "train", "epoch": 8, "iter": 450, "lr": 0.02, "time": 0.51021, "data_time": 0.00673, "memory": 5696, "loss_rpn_cls": 0.01137, "loss_rpn_bbox": 0.00646, "loss_cls": 0.11739, "acc": 95.77734, "loss_bbox": 0.05152, "loss": 0.18675}
{"mode": "train", "epoch": 8, "iter": 500, "lr": 0.02, "time": 0.51532, "data_time": 0.01624, "memory": 5696, "loss_rpn_cls": 0.00803, "loss_rpn_bbox": 0.00589, "loss_cls": 0.09256, "acc": 96.40625, "loss_bbox": 0.04921, "loss": 0.15568}
{"mode": "train", "epoch": 8, "iter": 550, "lr": 0.02, "time": 0.50599, "data_time": 0.00654, "memory": 5696, "loss_rpn_cls": 0.00736, "loss_rpn_bbox": 0.00455, "loss_cls": 0.10456, "acc": 95.81836, "loss_bbox": 0.04204, "loss": 0.15851}
{"mode": "train", "epoch": 9, "iter": 115, "lr": 0.02, "time": 0.47793, "data_time": 0.21516, "memory": 5696, "loss_rpn_cls": 0.00941, "loss_rpn_bbox": 0.00556, "loss_cls": 0.10351, "acc": 96.1464, "loss_bbox": 0.05045, "loss": 0.16893}
{"mode": "train", "epoch": 9, "iter": 50, "lr": 0.002, "time": 0.66657, "data_time": 0.0535, "memory": 5696, "loss_rpn_cls": 0.00783, "loss_rpn_bbox": 0.00554, "loss_cls": 0.09764, "acc": 96.47461, "loss_bbox": 0.04826, "loss": 0.15928}
{"mode": "train", "epoch": 9, "iter": 100, "lr": 0.002, "time": 0.62643, "data_time": 0.01115, "memory": 5696, "loss_rpn_cls": 0.0112, "loss_rpn_bbox": 0.00533, "loss_cls": 0.10305, "acc": 96.04688, "loss_bbox": 0.04397, "loss": 0.16356}
{"mode": "train", "epoch": 9, "iter": 150, "lr": 0.002, "time": 0.62425, "data_time": 0.00944, "memory": 5696, "loss_rpn_cls": 0.00628, "loss_rpn_bbox": 0.00489, "loss_cls": 0.08919, "acc": 96.45508, "loss_bbox": 0.03748, "loss": 0.13783}
{"mode": "train", "epoch": 9, "iter": 200, "lr": 0.002, "time": 0.62269, "data_time": 0.00947, "memory": 5696, "loss_rpn_cls": 0.00727, "loss_rpn_bbox": 0.00399, "loss_cls": 0.09384, "acc": 96.51758, "loss_bbox": 0.03587, "loss": 0.14097}
{"mode": "train", "epoch": 9, "iter": 250, "lr": 0.002, "time": 0.62472, "data_time": 0.0096, "memory": 5696, "loss_rpn_cls": 0.00641, "loss_rpn_bbox": 0.00699, "loss_cls": 0.10836, "acc": 95.74609, "loss_bbox": 0.05005, "loss": 0.1718}
{"mode": "train", "epoch": 9, "iter": 300, "lr": 0.002, "time": 0.61771, "data_time": 0.00952, "memory": 5696, "loss_rpn_cls": 0.00587, "loss_rpn_bbox": 0.00415, "loss_cls": 0.08779, "acc": 96.65039, "loss_bbox": 0.03464, "loss": 0.13246}
{"mode": "train", "epoch": 9, "iter": 350, "lr": 0.002, "time": 0.61732, "data_time": 0.00954, "memory": 5696, "loss_rpn_cls": 0.00727, "loss_rpn_bbox": 0.00493, "loss_cls": 0.09233, "acc": 96.36133, "loss_bbox": 0.03873, "loss": 0.14327}
{"mode": "train", "epoch": 9, "iter": 400, "lr": 0.002, "time": 0.74154, "data_time": 0.13262, "memory": 5696, "loss_rpn_cls": 0.00466, "loss_rpn_bbox": 0.00375, "loss_cls": 0.09513, "acc": 96.31641, "loss_bbox": 0.0429, "loss": 0.14644}
{"mode": "train", "epoch": 9, "iter": 450, "lr": 0.002, "time": 0.62911, "data_time": 0.01007, "memory": 5696, "loss_rpn_cls": 0.00534, "loss_rpn_bbox": 0.00411, "loss_cls": 0.08636, "acc": 96.52539, "loss_bbox": 0.03979, "loss": 0.13559}
{"mode": "train", "epoch": 9, "iter": 500, "lr": 0.002, "time": 0.57786, "data_time": 0.00847, "memory": 5696, "loss_rpn_cls": 0.00463, "loss_rpn_bbox": 0.00363, "loss_cls": 0.08264, "acc": 96.76953, "loss_bbox": 0.03445, "loss": 0.12536}
{"mode": "train", "epoch": 9, "iter": 550, "lr": 0.002, "time": 0.50238, "data_time": 0.00635, "memory": 5696, "loss_rpn_cls": 0.00399, "loss_rpn_bbox": 0.00363, "loss_cls": 0.07193, "acc": 97.25781, "loss_bbox": 0.02702, "loss": 0.10657}
{"mode": "train", "epoch": 10, "iter": 50, "lr": 0.002, "time": 0.65076, "data_time": 0.03772, "memory": 5696, "loss_rpn_cls": 0.00544, "loss_rpn_bbox": 0.0048, "loss_cls": 0.088, "acc": 96.51953, "loss_bbox": 0.03588, "loss": 0.13412}
{"mode": "train", "epoch": 10, "iter": 100, "lr": 0.002, "time": 0.62092, "data_time": 0.00971, "memory": 5696, "loss_rpn_cls": 0.00474, "loss_rpn_bbox": 0.00415, "loss_cls": 0.07196, "acc": 97.14062, "loss_bbox": 0.02935, "loss": 0.1102}
{"mode": "train", "epoch": 10, "iter": 150, "lr": 0.002, "time": 0.61863, "data_time": 0.00968, "memory": 5696, "loss_rpn_cls": 0.00706, "loss_rpn_bbox": 0.0052, "loss_cls": 0.10249, "acc": 96.06055, "loss_bbox": 0.03915, "loss": 0.1539}
{"mode": "train", "epoch": 10, "iter": 200, "lr": 0.002, "time": 0.61971, "data_time": 0.00964, "memory": 5696, "loss_rpn_cls": 0.00707, "loss_rpn_bbox": 0.00481, "loss_cls": 0.08109, "acc": 97.04102, "loss_bbox": 0.03655, "loss": 0.12951}
{"mode": "train", "epoch": 10, "iter": 250, "lr": 0.002, "time": 0.65088, "data_time": 0.04016, "memory": 5696, "loss_rpn_cls": 0.00403, "loss_rpn_bbox": 0.00388, "loss_cls": 0.06913, "acc": 97.375, "loss_bbox": 0.03145, "loss": 0.10849}
{"mode": "train", "epoch": 10, "iter": 300, "lr": 0.002, "time": 0.62276, "data_time": 0.00966, "memory": 5696, "loss_rpn_cls": 0.00469, "loss_rpn_bbox": 0.00388, "loss_cls": 0.08334, "acc": 96.84961, "loss_bbox": 0.03638, "loss": 0.12829}
{"mode": "train", "epoch": 10, "iter": 350, "lr": 0.002, "time": 0.62188, "data_time": 0.01001, "memory": 5696, "loss_rpn_cls": 0.00551, "loss_rpn_bbox": 0.00414, "loss_cls": 0.07683, "acc": 96.92969, "loss_bbox": 0.0334, "loss": 0.11988}
{"mode": "train", "epoch": 10, "iter": 400, "lr": 0.002, "time": 0.62571, "data_time": 0.00958, "memory": 5696, "loss_rpn_cls": 0.00509, "loss_rpn_bbox": 0.00395, "loss_cls": 0.08428, "acc": 96.5293, "loss_bbox": 0.0345, "loss": 0.12781}
{"mode": "train", "epoch": 10, "iter": 450, "lr": 0.002, "time": 0.62705, "data_time": 0.00964, "memory": 5696, "loss_rpn_cls": 0.00391, "loss_rpn_bbox": 0.00393, "loss_cls": 0.06881, "acc": 97.16602, "loss_bbox": 0.03043, "loss": 0.10708}
{"mode": "train", "epoch": 10, "iter": 500, "lr": 0.002, "time": 0.62267, "data_time": 0.00957, "memory": 5696, "loss_rpn_cls": 0.0062, "loss_rpn_bbox": 0.00457, "loss_cls": 0.09365, "acc": 96.18359, "loss_bbox": 0.03698, "loss": 0.14141}
{"mode": "train", "epoch": 10, "iter": 550, "lr": 0.002, "time": 0.62301, "data_time": 0.00966, "memory": 5696, "loss_rpn_cls": 0.00408, "loss_rpn_bbox": 0.00397, "loss_cls": 0.08208, "acc": 96.70312, "loss_bbox": 0.03618, "loss": 0.12632}
{"mode": "train", "epoch": 11, "iter": 115, "lr": 0.002, "time": 0.46758, "data_time": 0.18141, "memory": 5696, "loss_rpn_cls": 0.00526, "loss_rpn_bbox": 0.00422, "loss_cls": 0.07642, "acc": 97.09834, "loss_bbox": 0.03318, "loss": 0.11907}
{"mode": "train", "epoch": 11, "iter": 50, "lr": 0.002, "time": 0.63706, "data_time": 0.0285, "memory": 5696, "loss_rpn_cls": 0.00585, "loss_rpn_bbox": 0.00429, "loss_cls": 0.07606, "acc": 96.89453, "loss_bbox": 0.03286, "loss": 0.11906}
{"mode": "train", "epoch": 11, "iter": 100, "lr": 0.002, "time": 0.54277, "data_time": 0.00764, "memory": 5696, "loss_rpn_cls": 0.0049, "loss_rpn_bbox": 0.00448, "loss_cls": 0.08597, "acc": 96.70117, "loss_bbox": 0.03729, "loss": 0.13264}
{"mode": "train", "epoch": 11, "iter": 150, "lr": 0.002, "time": 0.51208, "data_time": 0.00926, "memory": 5696, "loss_rpn_cls": 0.00422, "loss_rpn_bbox": 0.00381, "loss_cls": 0.07464, "acc": 97.12109, "loss_bbox": 0.03192, "loss": 0.11459}
{"mode": "train", "epoch": 11, "iter": 200, "lr": 0.002, "time": 0.50722, "data_time": 0.00935, "memory": 5696, "loss_rpn_cls": 0.00586, "loss_rpn_bbox": 0.00424, "loss_cls": 0.07833, "acc": 97.02344, "loss_bbox": 0.03441, "loss": 0.12285}
{"mode": "train", "epoch": 11, "iter": 250, "lr": 0.002, "time": 0.56258, "data_time": 0.06363, "memory": 5696, "loss_rpn_cls": 0.00562, "loss_rpn_bbox": 0.00477, "loss_cls": 0.08335, "acc": 96.95898, "loss_bbox": 0.03518, "loss": 0.12891}
{"mode": "train", "epoch": 11, "iter": 300, "lr": 0.002, "time": 0.51535, "data_time": 0.01336, "memory": 5696, "loss_rpn_cls": 0.0047, "loss_rpn_bbox": 0.00403, "loss_cls": 0.07576, "acc": 97.0918, "loss_bbox": 0.0347, "loss": 0.1192}
{"mode": "train", "epoch": 11, "iter": 350, "lr": 0.002, "time": 0.70907, "data_time": 0.1187, "memory": 5696, "loss_rpn_cls": 0.00535, "loss_rpn_bbox": 0.00338, "loss_cls": 0.0737, "acc": 97.31836, "loss_bbox": 0.03076, "loss": 0.11319}
{"mode": "train", "epoch": 11, "iter": 400, "lr": 0.002, "time": 1.27861, "data_time": 0.67146, "memory": 5696, "loss_rpn_cls": 0.0037, "loss_rpn_bbox": 0.00346, "loss_cls": 0.07627, "acc": 96.89453, "loss_bbox": 0.02839, "loss": 0.11182}
{"mode": "train", "epoch": 11, "iter": 450, "lr": 0.002, "time": 0.5671, "data_time": 0.00835, "memory": 5696, "loss_rpn_cls": 0.00387, "loss_rpn_bbox": 0.004, "loss_cls": 0.06613, "acc": 97.42969, "loss_bbox": 0.03056, "loss": 0.10455}
{"mode": "train", "epoch": 11, "iter": 500, "lr": 0.002, "time": 0.60135, "data_time": 0.09074, "memory": 5696, "loss_rpn_cls": 0.00402, "loss_rpn_bbox": 0.0038, "loss_cls": 0.07879, "acc": 96.77734, "loss_bbox": 0.032, "loss": 0.11861}
{"mode": "train", "epoch": 11, "iter": 550, "lr": 0.002, "time": 0.71062, "data_time": 0.16395, "memory": 5696, "loss_rpn_cls": 0.00457, "loss_rpn_bbox": 0.00421, "loss_cls": 0.07552, "acc": 97.07227, "loss_bbox": 0.03425, "loss": 0.11855}
{"mode": "train", "epoch": 12, "iter": 50, "lr": 0.0002, "time": 0.68538, "data_time": 0.07949, "memory": 5696, "loss_rpn_cls": 0.00303, "loss_rpn_bbox": 0.00349, "loss_cls": 0.06376, "acc": 97.4668, "loss_bbox": 0.02717, "loss": 0.09745}
{"mode": "train", "epoch": 12, "iter": 100, "lr": 0.0002, "time": 0.52017, "data_time": 0.0141, "memory": 5696, "loss_rpn_cls": 0.00689, "loss_rpn_bbox": 0.0041, "loss_cls": 0.06425, "acc": 97.46484, "loss_bbox": 0.026, "loss": 0.10124}
{"mode": "train", "epoch": 12, "iter": 150, "lr": 0.0002, "time": 0.52325, "data_time": 0.02226, "memory": 5696, "loss_rpn_cls": 0.00297, "loss_rpn_bbox": 0.00397, "loss_cls": 0.07261, "acc": 97.19531, "loss_bbox": 0.0298, "loss": 0.10935}
{"mode": "train", "epoch": 12, "iter": 200, "lr": 0.0002, "time": 0.51168, "data_time": 0.00675, "memory": 5696, "loss_rpn_cls": 0.00506, "loss_rpn_bbox": 0.00398, "loss_cls": 0.07436, "acc": 97.12109, "loss_bbox": 0.03109, "loss": 0.11448}
{"mode": "train", "epoch": 12, "iter": 250, "lr": 0.0002, "time": 0.56226, "data_time": 0.05819, "memory": 5696, "loss_rpn_cls": 0.00368, "loss_rpn_bbox": 0.00398, "loss_cls": 0.07391, "acc": 97.19336, "loss_bbox": 0.03348, "loss": 0.11504}
{"mode": "train", "epoch": 12, "iter": 300, "lr": 0.0002, "time": 0.50746, "data_time": 0.00649, "memory": 5696, "loss_rpn_cls": 0.00489, "loss_rpn_bbox": 0.00389, "loss_cls": 0.07403, "acc": 97.19141, "loss_bbox": 0.03107, "loss": 0.11388}
{"mode": "train", "epoch": 12, "iter": 350, "lr": 0.0002, "time": 0.68346, "data_time": 0.17951, "memory": 5696, "loss_rpn_cls": 0.00464, "loss_rpn_bbox": 0.00429, "loss_cls": 0.07448, "acc": 97.33398, "loss_bbox": 0.03567, "loss": 0.11909}
{"mode": "train", "epoch": 12, "iter": 400, "lr": 0.0002, "time": 0.57773, "data_time": 0.04374, "memory": 5696, "loss_rpn_cls": 0.00353, "loss_rpn_bbox": 0.00412, "loss_cls": 0.07164, "acc": 97.17383, "loss_bbox": 0.03015, "loss": 0.10944}
{"mode": "train", "epoch": 12, "iter": 450, "lr": 0.0002, "time": 0.52545, "data_time": 0.0215, "memory": 5696, "loss_rpn_cls": 0.00539, "loss_rpn_bbox": 0.00419, "loss_cls": 0.07324, "acc": 97.15234, "loss_bbox": 0.03333, "loss": 0.11615}
{"mode": "train", "epoch": 12, "iter": 500, "lr": 0.0002, "time": 0.53737, "data_time": 0.03108, "memory": 5696, "loss_rpn_cls": 0.0038, "loss_rpn_bbox": 0.00354, "loss_cls": 0.06582, "acc": 97.54492, "loss_bbox": 0.03, "loss": 0.10316}
{"mode": "train", "epoch": 12, "iter": 550, "lr": 0.0002, "time": 0.51086, "data_time": 0.01335, "memory": 5696, "loss_rpn_cls": 0.0042, "loss_rpn_bbox": 0.00334, "loss_cls": 0.06598, "acc": 97.62109, "loss_bbox": 0.02652, "loss": 0.10004}
{"mode": "train", "epoch": 13, "iter": 115, "lr": 0.0002, "time": 0.48316, "data_time": 0.26549, "memory": 5696, "loss_rpn_cls": 0.00433, "loss_rpn_bbox": 0.00392, "loss_cls": 0.0703, "acc": 97.23336, "loss_bbox": 0.03131, "loss": 0.10985}